INSERT INTO provinces (PROVINCE_ID, PROVINCE_NAME)
values (06, "Buenos Aires"),
       (10, "Catamarca"),
       (22, "Chaco"),
       (26, "Chubut"),
       (02, "Capital Federal"),
       (14, "Cordoba"),
       (18, "Corrientes"),
       (30, "Entre Rios"),
       (34, "Formosa"),
       (38, "Jujuy"),
       (42, "La Pampa"),
       (46, "La Rioja"),
       (50, "Mendoza"),
       (54, "Misiones"),
       (58, "Neuquen"),
       (62, "Río Negro"),
       (66, "Salta"),
       (70, "San Juan"),
       (74, "San Luis"),
       (78, "Santa Cruz"),
       (82, "Santa Fe"),
       (86, "Santiago del Estero"),
       (94, "Tierra del Fuego, Antartida e Islas del Atlantico Sur"),
       (90, "Tucuman");

INSERT INTO users (EMAIL, FIRST_NAME, LAST_NAME, NUMBER_PHONE, USER_PASSWORD, ROLE)
VALUES ('maria@meli.com', 'maria', 'teneros', '23423', '$2a$10$6BOKBHct.1.6NvCb2UDBuOM.w1S7SC29ggEzhYO.LlffwfxD9kjta',
        'ADMIN'),
       ('pedro@meli.com', 'pedro', 'cabrera', '23423', '$2a$10$6BOKBHct.1.6NvCb2UDBuOM.w1S7SC29ggEzhYO.LlffwfxD9kjta',
        'USER'),
       ('admin@meli.com', 'admin', 'admin', '23423', '$2a$10$6BOKBHct.1.6NvCb2UDBuOM.w1S7SC29ggEzhYO.LlffwfxD9kjta',
        'USER'),
       ('user@meli.com', 'user', 'user', '23423', '$2a$10$6BOKBHct.1.6NvCb2UDBuOM.w1S7SC29ggEzhYO.LlffwfxD9kjta',
        'ADMIN');



INSERT INTO category (id, name)
VALUES 
(11, 'Celulares y Teléfonos'),
(12, 'Computación'),
(13, 'Consolas y Videojuegos'),
(17, 'Electrónica, Audio y Video'),
(19, 'Herramientas');



INSERT INTO `subcategory` (`id`, `name`, `category_id`)
VALUES 
(125, 'Celulares y Smartphones', 11),
(126, 'Accesorios para Celulares', 11),
(136, 'Laptops y Notebooks', 12),
(137, 'PC de Escritorio', 12),
(150, 'Videojuegos', 13),
(151, 'Accesorios para Consolas', 13),
(156, 'Herramientas de Construcción', 14),
(160, 'Plomería', 14);





insert into products (product_id,subcategory_id,discount,number_quotas, title, price, stock, category_id)
values
(1,125,10,6,'Xiaomi Redmi Note 10 Pro (108 Mpx) Dual SIM 256 GB gris ónix 8 GB RAM',269999,10,11),
(2,125,0,12,'Samsung Galaxy S23 Ultra 12gb 512gb Phantom Black',609999,11,11),
(3,125,25,6,'Apple iPhone 13 Pro (512 GB) - Plata',1189999,11,11),
(4,126,55,0,'Soporte Celular Extensible Cuello 360º Selfie Escritorio',3600,11,11),
(5,126,0,6,'Anillo Iman Magsafe Universal Para iPhone Samsung',1897,11,11)
;





insert into descriptions (product_id,content, priority) values 
(1,'Dispositivo liberado para que elijas la compañía telefónica que prefieras.', 'RELEVANT'),
(1,'Pantalla AMOLED de 6.67".', 'RELEVANT'),
(1,'Tiene 4 cámaras traseras de 108Mpx/8Mpx/5Mpx/2Mpx.', 'RELEVANT'),
(1,'Cámara delantera de 16Mpx.', 'RELEVANT'),
(1,'Batería de 5020mAh.', 'RELEVANT'),
(1,'Fotografía profesional en tu bolsillo
Descubrí infinitas posibilidades para tus fotos con las 4 cámaras principales de tu equipo. Poné a prueba tu creatividad y jugá con la iluminación, diferentes planos y efectos para obtener grandes resultados.', 'GENERIC'),
(1,'Experiencia visual increíble
Mirá tus series y películas favoritas con la mejor definición a través de su pantalla AMOLED de 6.67". Disfrutá de colores brillantes y detalles precisos en todos tus contenidos.', 'GENERIC'),
(2,'Hacé que las noches sean más épicas con la cámara nocturna
Es un kit de nivel profesional que cabe en una mano. La cámara posterior triple y la cámara de selfie ofrecen hardware y software de cámara innovadores para que puedas capturar fácilmente una galería llena de contenido digno de compartir.', 'GENERIC'),
(2,'Mejorá tu vida nocturna #cámaranocturna
Lo mejor sucede después de que anochece. Capturá la imagen con las épicas actualizaciones tecnológicas de nuestra cámara de nivel profesional. El sensor grande de píxeles amplía los píxeles para atraer la luz mientras que el cristal súper transparente reduce el resplandor de la lente, todo para que las fotos y los videos nocturnos salgan tan claros como el día.', 'GENERIC'),

(3,'Pantalla Super Retina XDR de 6.1 pulgadas con ProMotion que brinda una respuesta más rápida y fluida.(1)', 'RELEVANT'),
(3,'Modo Cine con baja profundidad de campo y cambios de enfoque automáticos en tus videos.', 'RELEVANT'),
(3,'Hasta 22 horas de reproducción de video.(3)', 'RELEVANT'),
(4,'
Representantes e Importadores directos de
SPICA y SKMEI Tiendas oficiales.', 'GENERIC'),
(4,'Más de 10 años vendiendo en Mercado Libre.
1 millón de compradores nos eligieron y recomendaron. 100% de calificaciones positivas. Elegidos por Mercado Libre como mejores vendedores de todo el sitio.', 'GENERIC'),
(4,'Soporte de escritorio para teléfono móvil con Base redonda estable.
Para videollamadas, reunión de Zoom, streamig, selfie, ver videos.', 'GENERIC'),
(5,'Anillo adaptador universal: añade imán a tu funda para soporte de teléfono, MagSafe o billetera. Tambien disfruta de la carga inalámbrica si tu teléfono lo admite.', 'GENERIC'),
(5,'Carga inalámbrica más rápida: con imanes de posicionamiento para alinearse al punto de carga ideal, aumentando la eficiencia de carga y reduciendo el calor.', 'GENERIC')
-- (5,2,'', 'RELEVANT'),
-- (4,2,'', 'GENERIC')
;

INSERT INTO images (PRODUCT_ID, IMAGE_URL)
values 
(1,'https://res.cloudinary.com/djto6y6vr/image/upload/v1686168460/ywgibpxuo1kkgljjwrvg.webp'),
(1,'https://res.cloudinary.com/djto6y6vr/image/upload/v1686168560/lflg46jhavq5ds35k7jb.webp'),
(1,'https://res.cloudinary.com/djto6y6vr/image/upload/v1686168562/xxbw2xehimpznt0uva9b.webp'),
(1,'https://res.cloudinary.com/djto6y6vr/image/upload/v1686168568/dj73imtgovwziikkh1sm.webp'),
(1,'https://res.cloudinary.com/djto6y6vr/image/upload/v1686168569/sed4vncgvoghugbjguyq.webp'),
(1,'https://res.cloudinary.com/djto6y6vr/image/upload/v1686168570/uyku9uujm6iujqcv3blt.webp'),
(1,'https://res.cloudinary.com/djto6y6vr/image/upload/v1686168570/hk6dxyyzwscbusoubuqf.webp'),
(2,'https://res.cloudinary.com/djto6y6vr/image/upload/v1686170149/keh8m5cwrqhjglybwosm.webp'),
(2,'https://res.cloudinary.com/djto6y6vr/image/upload/v1686170150/kv6g9jmauaeaqodph8lk.webp'),
(2,'https://res.cloudinary.com/djto6y6vr/image/upload/v1686170150/cwfk2jzskxyx75gnbyrs.webp'),
(2,'https://res.cloudinary.com/djto6y6vr/image/upload/v1686170152/texan39cygluqydbprrx.webp'),
(2,'https://res.cloudinary.com/djto6y6vr/image/upload/v1686170153/xwy5dg0ynwmke93ndmh3.webp'),
(2,'https://res.cloudinary.com/djto6y6vr/image/upload/v1686170154/wann2rsaqwieybce8g08.webp'),
(3,'https://res.cloudinary.com/djto6y6vr/image/upload/v1686170712/ku9r7mthwjgouuvdo16j.webp'),
(3,'https://res.cloudinary.com/djto6y6vr/image/upload/v1686170713/ggbltmyagidywcp5wgyw.webp'),
(3,'https://res.cloudinary.com/djto6y6vr/image/upload/v1686170714/luu3m0oec5lk2rnrygmm.webp'),
(3,'https://res.cloudinary.com/djto6y6vr/image/upload/v1686170715/tbn3rr8fo409ptiv3z5b.webp'),
(3,'https://res.cloudinary.com/djto6y6vr/image/upload/v1686170715/gpkhwo2zmqgmffhwzm9c.webp'),
(3,'https://res.cloudinary.com/djto6y6vr/image/upload/v1686170716/syie2myw6knnazyfyez4.webp'),
(3,'https://res.cloudinary.com/djto6y6vr/image/upload/v1686170717/pf9udvjixbj99unpi89r.webp'),
(4,'https://res.cloudinary.com/djto6y6vr/image/upload/v1686171793/b8yvyyanipmkditjf1fx.webp'),
(4,'https://res.cloudinary.com/djto6y6vr/image/upload/v1686171794/o54rb2xanbq7rvagypd1.webp'),
(4,'https://res.cloudinary.com/djto6y6vr/image/upload/v1686171795/dm0lodpiezdtcgotoan9.webp'),
(4,'https://res.cloudinary.com/djto6y6vr/image/upload/v1686171796/enelhyvgxjpkm3ftzid7.webp'),
(4,'https://res.cloudinary.com/djto6y6vr/image/upload/v1686171798/faluzupybfxrmzmwmedb.webp'),

(5,'https://res.cloudinary.com/djto6y6vr/image/upload/v1686171869/zavgvcf2ovtfqm9pckot.webp'),
(5,'https://res.cloudinary.com/djto6y6vr/image/upload/v1686171870/hwpfpm7hllsfc6ciq0zs.webp'),
(5,'https://res.cloudinary.com/djto6y6vr/image/upload/v1686171871/xyactveh6dnbxbxbvqrr.webp'),
(5,'https://res.cloudinary.com/djto6y6vr/image/upload/v1686171872/ocyk8ibal9eqn8q0ojq1.webp'),
(5,'https://res.cloudinary.com/djto6y6vr/image/upload/v1686171873/xpjuawuwwcmhyg4p0ss5.webp'),
(5,'https://res.cloudinary.com/djto6y6vr/image/upload/v1686171874/ijtsfdwyzd4cuu0fn99h.webp')


;

INSERT INTO colors (COLOR_ID,name)
values
(1,'negro'),
(2,'azul'),
(3,'verde'),
(4,'amarillo'),
(5,'rojo'),
(6,'Gris Carbon'),
(7,'Blanco'),
(8,'cream'),
(9,'green'),
(10,'phantom black')
;

insert into colors_has_products(product_id,color_id)
values
(1,6),
(1,7),
(2,8),
(2,9),
(2,10)

;



INSERT INTO order_status (status)
VALUES ('Pendiente'),
       ('Enviado'),
       ('Entregado');

INSERT INTO address (`comment`, `contact`, `floor_apartment`, `locality`, `num_street_end`, `num_street_init`, `phone`,
                     `province_fk`, `street`, `street_number`, `user_fk`, `zip_code`)
VALUES ('Domicilio', '348256445', '1', 'Bs As', 'Av Mayo  ', '123', '01112233333', '06', 'Av Mayo', '123', '2', '1000');

INSERT INTO `shipping_methods` (`name`, `price`)
VALUES ('Correo Argentino', '1500'),
       ('Retira en Local', '0');

INSERT INTO `orders`
(id, `date`, `order_total`,
 `order_status_fk`,
 `shipping_address_fk`,
 `shipping_method_fk`, `user_fk`)
VALUES (4, '26-5-23', '10000', '1', '1', '1', '2');

INSERT INTO `brand` (`id`, `name`)
VALUES
(1, 'Sony'),
(2, 'Apple'),
(3, 'Xiaomi'),
(4, 'Motorola'),
(5, 'Huawei'),
(6, 'Sony'),
(7, 'LG'),
(8, 'Lenovo'),
(9, 'HP'),
(10, 'Dell'),
(11, 'Acer'),
(12, 'Asus'),
(13, 'Toshiba'),
(14, 'Canon'),
(15, 'Nikon'),
(16, 'Fujifilm'),
(17, 'GoPro'),
(18, 'Panasonic'),
(19, 'JBL'),
(20, 'Bose'),
(21, 'Sennheiser'),
(22, 'Beats'),
(23, 'Skullcandy'),
(24, 'Casio'),
(25, 'Fossil'),
(26, 'Guess'),
(27, 'Michael Kors'),
(28, 'Tommy Hilfiger'),
(29, 'Ray-Ban'),
(30, 'Oakley'),
(31, 'Polaroid'),
(32, 'Conair'),
(33, 'Remington'),
(34, 'Braun'),
(35, 'Philips'),
(36, 'Oral-B'),
(37, 'Colgate'),
(38, 'Nivea'),
(39, 'Adidas'),
(40, 'Nike'),
(41, 'Puma'),
(42, 'Reebok'),
(43, 'Under Armour'),
(44, 'New Balance'),
(45, 'Vans'),
(46, 'Converse'),
(47, 'Timberland'),
(48, 'Dr. Martens'),
(49, 'Levi'),
(50, ' Wrangler '),
(51, ' Diesel '),
(52, ' GAP '),
(53, ' Zara '),
(54, ' H&M '),
(55, ' Forever '),
(56, ' Victoria '),
(57, 'Calvin Klein'),
(58, 'Ralph Lauren'),
(59, 'Burberry'),
(60, 'Gucci'),
(61, 'Prada'),
(62, 'Louis Vuitton'),
(63, 'Chanel'),
(64, 'Dior'),
(65, 'Versace'),
(66, 'Fendi'),
(67, 'Givenchy'),
(68, 'Hermes'),
(69, 'Tiffany & Co.'),
(70, 'Rolex'),
(71, 'Omega'),
(72, 'Tag Heuer'),
(73, 'Cartier'),
(74, 'Swarovski'),
(75, 'Pandora'),
(76, 'Tous'),
(77, 'Sephora'),
(78, 'MAC Cosmetics'),
(79, 'Maybelline'),
(80, 'LOréal '),
(81, ' NYX '),
(82, ' Revlon '),
(83, ' Estée Lauder '),
(84, ' Clinique '),
(85, ' NARS '),
(86, ' Urban Decay '),
(87, ' Too Faced '),
(88, ' Fossil '),
(89, ' GUESS '),
(90, ' Michael Kors '),
(91, ' Puma '),
(92, ' H&M '),
(93, ' Converse '),
(94, ' Tommy Hilfiger '),
(95, ' Levis'),
(96, 'Calvin Klein'),
(97, 'Adidas'),
(98, 'Nike'),
(99, 'Zara'),
(100, 'Forever 21'),
(101, 'Sony'),
(102, 'LG'),
(103, 'Panasonic'),
(104, 'Philips'),
(105, 'Sharp'),
(106, 'Toshiba'),
(107, 'Hisense'),
(108, 'Vizio'),
(109, 'Insignia'),
(110, 'RCA'),
(111, 'Sceptre'),
(112, 'Onn'),
(113, 'Element'),
(114, 'Haier'),
(115, 'AOC'),
(116, 'ViewSonic'),
(117, 'BenQ'),
(118, 'Dell'),
(119, 'HP'),
(120, 'Acer'),
(121, 'Asus'),
(122, 'MSI'),
(123, 'Lenovo'),
(124, 'Apple'),
(125, 'Xiaomi'),
(126, 'Motorola'),
(127, 'Nokia'),
(128, 'BlackBerry'),
(129, 'Google'),
(130, 'OnePlus'),
(131, 'Realme'),
(132, 'Oppo'),
(133, 'Vivo'),
(134, 'Honor'),
(135, 'Meizu'),
(136, 'ZTE'),
(137, 'Alcatel'),
(138, 'Sony'),
(139, 'Nintendo'),
(140, 'PlayStation'),
(141, 'Xbox'),
(142, 'Nintendo Switch'),
(143, 'Game Boy'),
(144, 'Sega'),
(145, 'Atari'),
(146, 'Logitech'),
(147, 'Razer'),
(148, 'Corsair'),
(149, 'SteelSeries'),
(150, 'HyperX'),
(151, 'ASUS ROG'),
(152, 'HP OMEN'),
(153, 'Dell Alienware'),
(154, 'Microsoft Surface'),
(155, 'AOC'),
(156, 'Samsung'),
(157, 'LG'),
(158, 'ViewSonic'),
(159, 'BenQ'),
(160, 'Philips'),
(161, 'Sony'),
(162, 'Bose'),
(163, 'JBL'),
(164, 'Harman Kardon'),
(165, 'Sonos'),
(166, 'Panasonic'),
(167, 'Sharp'),
(168, 'TCL'),
(169, 'Hisense'),
(170, 'Vizio'),
(171, 'Sennheiser'),
(172, 'Audio-Technica'),
(173, 'AKG'),
(174, 'Shure'),
(175, 'Beyerdynamic'),
(176, 'Rode'),
(177, 'Neumann'),
(178, 'Focusrite'),
(179, 'Behringer'),
(180, 'PreSonus'),
(181, 'M-Audio'),
(182, 'Yamaha'),
(183, 'Roland'),
(184, 'Korg'),
(185, 'Casio'),
(186, 'Fender'),
(187, 'Gibson'),
(188, 'Ibanez'),
(189, 'Taylor'),
(190, 'Martin'),
(191, 'Epiphone'),
(192, 'PRS'),
(193, 'Schecter'),
(194, 'Jackson'),
(195, 'ESP'),
(196, 'Dean'),
(197, 'Gretsch'),
(198, 'Yamaha'),
(199, 'Pearl'),
(200, 'Ludwig'),
(201, 'Tama'),
(202, 'DW'),
(203, 'Mapex'),
(204, 'Zildjian'),
(205, 'Sabian'),
(206, 'Meinl'),
(207, 'Paiste'),
(208, 'Remo'),
(209, 'Evans'),
(210, 'Vic Firth'),
(211, 'ProMark'),
(212, 'Hohner'),
(213, 'Lee Oskar'),
(214, 'Suzuki'),
(215, 'Fender'),
(216, 'Gibson'),
(217, 'Ibanez'),
(218, 'Epiphone'),
(219, 'Squier'),
(220, 'Jackson'),
(221, 'ESP'),
(222, 'PRS'),
(223, 'Schecter'),
(224, 'Yamaha'),
(225, 'Martin'),
(226, 'Taylor'),
(227, 'Seagull'),
(228, 'Gretsch'),
(229, 'Larrivée'),
(230, 'Guild'),
(231, 'Alvarez'),
(232, 'Ovation'),
(233, 'Rickenbacker'),
(234, 'Steinway & Sons'),
(235, 'Yamaha'),
(236, 'Kawai'),
(237, 'Casio'),
(238, 'Roland'),
(239, 'Korg'),
(240, 'Nord'),
(241, 'Akai'),
(242, 'Moog'),
(243, 'Arturia'),
(244, 'Behringer'),
(245, 'Elektron'),
(246, 'Novation'),
(247, 'Teenage Engineering'),
(248, 'Pioneer DJ'),
(249, 'Denon DJ'),
(250, 'Samsung'),
(251, 'Native Instruments');
