
INSERT INTO provinces (PROVINCE_ID, PROVINCE_NAME) values
(06, "Buenos Aires"),
 (10, "Catamarca") , ( 22, "Chaco" ), (26, "Chubut"),
(02, "Ciudad Federal"), (14, "Cordoba"), (18, "Corrientes"),
 (30, "Entre Rios" ), (34, "Formosa"), (38, "Jujuy" ), (42, "La Pampa" ),
  (46, "La Rioja" ), (50, "Mendoza"), (54, "Misiones"), (58, "Neuquen"),
  (62, "Río Negro"), (66, "Salta"), (70, "San Juan"), (74, "San Luis"),
  (78, "Santa Cruz"), (82, "Santa Fe" ), (86, "Santiago del Estero"),
  (94, "Tierra del Fuego, Antartida e Islas del Atlantico Sur" ), (90, "Tucuman" );

  INSERT INTO users (EMAIL, FIRST_NAME, LAST_NAME, NUMBER_PHONE, USER_PASSWORD, ROLE) VALUES
  ('maria@meli.com','maria','test','23423', '$2a$10$6BOKBHct.1.6NvCb2UDBuOM.w1S7SC29ggEzhYO.LlffwfxD9kjta', 'ADMIN'),
  ('pedro@meli.com', 'pedro','test','23423','$2a$10$6BOKBHct.1.6NvCb2UDBuOM.w1S7SC29ggEzhYO.LlffwfxD9kjta', 'USER'),
   ('admin@meli.com', 'admin','test','23423','$2a$10$6BOKBHct.1.6NvCb2UDBuOM.w1S7SC29ggEzhYO.LlffwfxD9kjta', 'USER'),
    ('user@meli.com', 'user','test','23423','$2a$10$6BOKBHct.1.6NvCb2UDBuOM.w1S7SC29ggEzhYO.LlffwfxD9kjta', 'ADMIN');

insert into products (TITLE, PRICE, NUMBER_QUOTAS) values
('Pastry - Choclate Baked', 15035.34, 5),
('Beef - Outside, Round', 10490.46, 7),
('Soup - Campbells, Spinach Crm', 15778.25, 7),
('Muffin - Banana Nut Individual', 14288.5, 4),
('Oil - Peanut', 17465.7, 8),
('Sausage - Liver', 18449.94, 9),
('Beef - Top Sirloin - Aaa', 11593.67, 6),
('Mix - Cocktail Ice Cream', 15786.11, 5),
('Bar Special K', 11509.46, 10),
('Nantucket - 518ml', 18004.41, 5);


INSERT INTO images (PRODUCT_ID,IMAGE_URL) values
(1,'https://res.cloudinary.com/djto6y6vr/image/upload/v1685455130/jlibtckmazah0vgea4dh.webp'),
(1,'https://res.cloudinary.com/djto6y6vr/image/upload/v1685455961/bkizai16sxr2emcbxjlt.webp'),
(2,'https://res.cloudinary.com/djto6y6vr/image/upload/v1685455130/jlibtckmazah0vgea4dh.webp'),
(2,'https://res.cloudinary.com/djto6y6vr/image/upload/v1685455961/bkizai16sxr2emcbxjlt.webp'),
(3,'https://res.cloudinary.com/djto6y6vr/image/upload/v1685455130/jlibtckmazah0vgea4dh.webp'),
(3,'https://res.cloudinary.com/djto6y6vr/image/upload/v1685455961/bkizai16sxr2emcbxjlt.webp'),
(4,'https://res.cloudinary.com/djto6y6vr/image/upload/v1685455130/jlibtckmazah0vgea4dh.webp'),
(4,'https://res.cloudinary.com/djto6y6vr/image/upload/v1685455961/bkizai16sxr2emcbxjlt.webp'),
(5,'https://res.cloudinary.com/djto6y6vr/image/upload/v1685455130/jlibtckmazah0vgea4dh.webp'),
(5,'https://res.cloudinary.com/djto6y6vr/image/upload/v1685455961/bkizai16sxr2emcbxjlt.webp'),
(6,'https://res.cloudinary.com/djto6y6vr/image/upload/v1685455130/jlibtckmazah0vgea4dh.webp'),
(6,'https://res.cloudinary.com/djto6y6vr/image/upload/v1685455961/bkizai16sxr2emcbxjlt.webp'),
(7,'https://res.cloudinary.com/djto6y6vr/image/upload/v1685455130/jlibtckmazah0vgea4dh.webp'),
(7,'https://res.cloudinary.com/djto6y6vr/image/upload/v1685455961/bkizai16sxr2emcbxjlt.webp'),
(8,'https://res.cloudinary.com/djto6y6vr/image/upload/v1685455130/jlibtckmazah0vgea4dh.webp'),
(8,'https://res.cloudinary.com/djto6y6vr/image/upload/v1685455961/bkizai16sxr2emcbxjlt.webp'),
(9,'https://res.cloudinary.com/djto6y6vr/image/upload/v1685455130/jlibtckmazah0vgea4dh.webp'),
(9,'https://res.cloudinary.com/djto6y6vr/image/upload/v1685455961/bkizai16sxr2emcbxjlt.webp'),
(10,'https://res.cloudinary.com/djto6y6vr/image/upload/v1685455130/jlibtckmazah0vgea4dh.webp'),
(10,'https://res.cloudinary.com/djto6y6vr/image/upload/v1685455961/bkizai16sxr2emcbxjlt.webp')
;



INSERT INTO category (id, name) VALUES
(1, 'Accesorios para Vehículos'),
(2, 'Agro'),
(3, 'Alimentos y Bebidas'),
(4, 'Animales y Mascotas'),
(5, 'Antigüedades y Colecciones'),
(6, 'Arte, Librería y Mercería'),
(7, 'Autos, Motos y Otros'),
(8, 'Bebés'),
(9, 'Belleza y Cuidado Personal'),
(10, 'Cámaras y Accesorios'),
(11, 'Celulares y Teléfonos'),
(12, 'Computación'),
(13, 'Consolas y Videojuegos'),
(14, 'Construcción'),
(15, 'Deportes y Fitness'),
(16, 'Electrodomésticos y Aires Ac.'),
(17, 'Electrónica, Audio y Video'),
(18, 'Entradas para Eventos'),
(19, 'Herramientas'),
(20, 'Hogar, Muebles y Jardín'),
(21, 'Industrias y Oficinas'),
(22, 'Inmuebles'),
(23, 'Instrumentos Musicales'),
(24, 'Joyas y Relojes'),
(25, 'Juegos y Juguetes'),
(26, 'Libros, Revistas y Comics'),
(27, 'Música, Películas y Series'),
(28, 'Ropa y Accesorios'),
(29, 'Salud y Equipamiento Médico'),
(30, 'Servicios'),
(31, 'Souvenirs, Cotillón y Fiestas'),
(32, 'Otras categorías');

INSERT INTO product (description, name, price, stock, category_id, user_id) VALUES
('Dispositivo liberado para que elijas la compañía telefónica que prefieras.', 'Samsung Galaxy A04 128 GB negro 4 GB RAM', '69999', '10000', '11', '1'),
('Pantalla AMOLED de 6.67.  Tiene 4 cámaras traseras de 108Mpx/8Mpx/5Mpx/2Mpx.  Cámara delantera de 16Mpx.  Procesador Snapdragon 732G Octa-Core de 2.3GHz con 6GB de RAM.  Batería de 5020mAh.  Memoria interna de 128GB.  A prueba de agua.  Con reconocimiento facial y sensor de huella dactilar.  Resistente al polvo y a las caídas.', 'Xiaomi Redmi Note 10 Pro (108 Mpx) Dual SIM 128 GB gris ónix 6 GB RAM', '157.779', '10000', '11', '1');


 INSERT INTO image (url, product_id) VALUES
 ('https://http2.mlstatic.com/D_NQ_NP_615787-MLA53225354281_012023-O.webp', '1'),
('https://http2.mlstatic.com/D_NQ_NP_989252-MLA53225323332_012023-O.webp', '1'),
 ('https://http2.mlstatic.com/D_NQ_NP_689330-MLA50263507908_062022-O.webp', '2'),
 ('https://http2.mlstatic.com/D_NQ_NP_625466-MLA50263727206_062022-O.webp', '2');

INSERT INTO order_status (status) VALUES
('Pendiente'),
('Enviado'),
('Entregado');

INSERT INTO address (`comment`, `contact`, `floor_apartment`, `locality`, `num_street_end`, `num_street_init`, `phone`, `province_fk`, `street`, `street_number`, `user_fk`, `zip_code`) VALUES ('Domicilio', '348256445', '1', 'Bs As', 'Av Mayo  ', '123', '01112233333', '06', 'Av Mayo', '123', '2', '1000');
INSERT INTO `subcategory` (`id`, `name`, `category_id`) VALUES
(1, 'Acc. para Motos y Cuatriciclos', 1),
(2, 'Accesorios Náuticos', 1),
(3, 'Accesorios de Auto y Camioneta', 1),
(4, 'Accesorios para Camiones', 1),
(5, 'Audio para Vehículos', 1),
(6, 'GNC', 1),
(7, 'Herramientas para Vehículos', 1),
(8, 'Limpieza de Vehículos', 1),
(9, 'Llantas y Accesorios', 1),
(10, 'Lubricantes y Fluidos', 1),
(11, 'Motos', 1),
(12, 'Navegadores GPS', 1),
(13, 'Neumáticos', 1),
(14, 'Performance', 1),(15, 'Repuestos Autos y Camionetas', 1),
(16, 'Repuestos Motos y Cuatriciclos', 1),
(17, 'Repuestos Náuticos', 1),
(18, 'Repuestos de Línea Pesada', 1),
(19, 'Seguridad Vehicular', 1),
(20, 'Servicio Programado', 1),
(21, 'Tags para el Pago de Peajes', 1),
(22, 'Alimentos y Bebidas para Animales', 2),
(23, 'Cosecha', 2),
(24, 'Equipamiento para Ganadería', 2),
(25, 'Equipamiento para Granjas', 2),
(26, 'Fertilizantes y Tratamientos', 2),
(27, 'Insumos Agropecuarios', 2),
(28, 'Maquinaria Agrícola', 2),
(29, 'Otros', 2),
(30, 'Aceites y Vinagres', 3),
(31, 'Bebidas Alcohólicas', 3),
(32, 'Bebidas No Alcohólicas', 3),
(33, 'Cereales, Granos y Pastas', 3),
(34, 'Comestibles y Conservas', 3),
(35, 'Condimentos y Sazonadores', 3),
(36, 'Dulces y Golosinas', 3),
(37, 'Frutas y Verduras', 3),
(38, 'Panadería y Repostería', 3),
(39, 'Productos Congelados', 3),
(40, 'Productos Lácteos y Huevos', 3),
(41, 'Snacks y Aperitivos', 3),
(42, 'Aguas', 3),
(43, 'Bebidas Energéticas', 3),
(44, 'Bebidas Gaseosas', 3),
(45, 'Bebidas Naturales y Saludables', 3),
(46, 'Jugos y Néctares', 3),
(47, 'Té y Café', 3),
(48, 'Alimento para Mascotas', 4),
(49, 'Cuidado de Mascotas', 4),
(50, 'Perros', 4),
(51, 'Gatos', 4),
(52, 'Peces', 4),
(53, 'Roedores', 4),
(54, 'Aves', 4),
(55, 'Reptiles y Anfibios', 4),
(56, 'Invertebrados', 4),
(57, 'Jaulas y Accesorios', 4),
(58, 'Juguetes para Mascotas', 4),
(59, 'Estética y Cuidado de Mascotas', 4),
(60, 'Veterinaria', 4),
(61, 'Adiestramiento y Comportamiento', 4),
(62, 'Otros (Animales y Mascotas)', 4),
(63, 'Antigüedades', 5),
(64, 'Arte', 5),
(65, 'Coleccionables', 5),
(66, 'Monedas y Billetes', 5),
(67, 'Sellos', 5),
(68, 'Libros, Revistas y Comics Antiguos', 5),
(69, 'Juguetes Antiguos', 5),
(70, 'Discos de Vinilo y CDs Antiguos', 5),
(71, 'Relojes Antiguos', 5),
(72, 'Otros (Antigüedades y Colecciones)', 5),
(73, 'Arte y Pintura', 6),
(74, 'Libros, Revistas y Comics', 6),
(75, 'Mercería', 6),
(76, 'Papelería', 6),
(77, 'Material de Dibujo y Pintura', 6),
(78, 'Telas y Tejidos', 6),
(79, 'Herramientas y Accesorios de Arte', 6),
(80, 'Otros (Arte, Librería y Mercería)', 6),
(81, 'Autos y Camionetas', 7),
(82, 'Motos', 7),
(83, 'Otros Vehículos', 7),
(84, 'Accesorios para Vehículos', 7),
(85, 'Repuestos Autos y Camionetas', 7),
(86, 'Repuestos Motos y Cuatriciclos', 7),
(87, 'Náutica', 7),
(88, 'Maquinaria Pesada', 7),
(89, 'Neumáticos', 7),
(90, 'Audio para Autos', 7),
(91, 'Tuning y Performance', 7),
(92, 'Herramientas y Construcción', 7),
(93, 'Seguridad Vehicular', 7),
(94, 'GPS y Accesorios', 7),
(95, 'Otros (Autos, Motos y Otros)', 7),
(96, 'Cochecitos para Bebés', 8),
(97, 'Sillas de Auto para Bebés', 8),
(98, 'Cunas para Bebés', 8),
(99, 'Accesorios para la Alimentación del Bebé', 8),
(100, 'Ropa para Bebés', 8),
(101, 'Juegos y Juguetes para Bebés', 8),
(102, 'Baño para Bebés', 8),
(103, 'Seguridad para Bebés', 8),
(104, 'Otros (Bebés)', 8),
(105, 'Cuidado del Cabello', 9),
(106, 'Cuidado de la Piel', 9),
(107, 'Maquillaje', 9),
(108, 'Fragancias y Perfumes', 9),
(109, 'Cuidado del Cuerpo', 9),
(110, 'Cuidado de Manos y Pies', 9),
(111, 'Herramientas y Accesorios de Belleza', 9),
(112, 'Productos para el Cuidado Facial', 9),
(113, 'Cuidado Bucal', 9),
(114, 'Otros (Belleza y Cuidado Personal)', 9),
(115, 'Cámaras Digitales', 10),
(116, 'Lentes y Filtros', 10),
(117, 'Flashes y Accesorios de Iluminación', 10),
(118, 'Trípodes y Soportes', 10),
(119, 'Estabilizadores y Soportes para Cámaras', 10),
(120, 'Bolsos, Estuches y Correas', 10),
(121, 'Tarjetas de Memoria y Almacenamiento', 10),
(122, 'Baterías y Cargadores', 10),
(123, 'Cableado y Conectores', 10),
(124, 'Otros Accesorios para Cámaras', 10),
(125, 'Celulares y Smartphones', 11),
(126, 'Accesorios para Celulares', 11),
(127, 'Fundas y Estuches para Celulares', 11),
(128, 'Protectores de Pantalla', 11),
(129, 'Cargadores y Cables', 11),
(130, 'Auriculares y Manos Libres', 11),
(131, 'Baterías para Celulares', 11),
(132, 'Tarjetas SIM y Recargas', 11),
(133, 'Repuestos para Celulares', 11),
(134, 'Teléfonos Fijos e Inalámbricos', 11),
(135, 'Otros Accesorios para Teléfonos', 11),
(136, 'Laptops y Notebooks', 12),
(137, 'PC de Escritorio', 12),
(138, 'Componentes de PC', 12),
(139, 'Almacenamiento', 12),
(140, 'Periféricos de PC', 12),
(141, 'Monitores', 12),
(142, 'Impresoras y Accesorios', 12),
(143, 'Redes y Conectividad', 12),
(144, 'Software', 12),
(145, 'Accesorios de Computación', 12),
(146, 'Tablets y Accesorios', 12),
(147, 'Servidores', 12),
(148, 'Otros Productos de Computación', 12),
(149, 'Consolas', 13),
(150, 'Videojuegos', 13),
(151, 'Accesorios para Consolas', 13),
(152, 'Figuras de Acción y Coleccionables', 13),
(153, 'Tarjetas Prepagas y Monedas Virtuales', 13),
(154, 'Otros Productos de Consolas y Videojuegos', 13),
(155, 'Materiales de Construcción', 14),
(156, 'Herramientas de Construcción', 14),
(157, 'Equipamiento para Construcción', 14),
(158, 'Electricidad', 14),
(159, 'Pinturería', 14),
(160, 'Plomería', 14),
(161, 'Seguridad para el Hogar', 14),
(162, 'Otros Productos de Construcción', 14),
(163, 'Fitness y Musculación', 15),
(164, 'Fútbol', 15),
(165, 'Running', 15),
(166, 'Ciclismo', 15),
(167, 'Camping y Pesca', 15),
(168, 'Tenis, Padel y Squash', 15),
(169, 'Deportes Acuáticos', 15),
(170, 'Otros Deportes y Actividades Físicas', 15),
(171, 'Aires Acondicionados', 16),
(172, 'Electrodomésticos de Cocina', 16),
(173, 'Heladeras y Freezers', 16),
(174, 'Lavadoras y Secadoras', 16),
(175, 'Pequeños Electrodomésticos', 16),
(176, 'Calefacción', 16),
(177, 'Ventiladores y Extractores', 16),
(178, 'Otros Electrodomésticos', 16),
(179, 'Audio', 17),
(180, 'Cámaras y Accesorios', 17),
(181, 'Componentes Electrónicos', 17),
(182, 'Drones y Accesorios', 17),
(183, 'GPS y Navegadores', 17),
(184, 'Instrumentos Musicales', 17),
(185, 'Proyectores y Pantallas', 17),
(186, 'Reproductores de DVD y Blu-ray', 17),
(187, 'Televisores', 17),
(188, 'Accesorios para Audio y Video', 17),
(189, 'Otros Electrónicos, Audio y Video', 17),
(190, 'Conciertos', 18),
(191, 'Festivales', 18),
(192, 'Teatro', 18),
(193, 'Deportes', 18),
(194, 'Exposiciones y Convenciones', 18),
(195, 'Cine', 18),
(196, 'Eventos Culturales', 18),
(197, 'Eventos Especiales', 18),
(198, 'Otros Eventos', 18),
(199, 'Herramientas Eléctricas', 19),
(200, 'Herramientas Manuales', 19),
(201, 'Herramientas de Medición', 19),
(202, 'Herramientas de Jardín', 19),
(203, 'Herramientas de Construcción', 19),
(204, 'Herramientas de Automoción', 19),
(205, 'Herramientas de Carpintería', 19),
(206, 'Herramientas de Plomería', 19),
(207, 'Herramientas de Pintura', 19),
(208, 'Herramientas de Soldadura', 19),
(209, 'Herramientas de Corte', 19),
(210, 'Otros Herramientas', 19),
(211, 'Muebles', 20),
(212, 'Decoración', 20),
(213, 'Electrodomésticos', 20),
(214, 'Jardín y Exteriores', 20),
(215, 'Iluminación para el Hogar', 20),
(216, 'Textiles para el Hogar', 20),
(217, 'Cocina y Comedor', 20),
(218, 'Baño', 20),
(219, 'Almacenamiento y Organización', 20),
(220, 'Cuidado del Hogar y Limpieza', 20),
(221, 'Otros Artículos para el Hogar', 20),
(222, 'Equipamiento para Oficinas', 21),
(223, 'Industria Gastronómica', 21),
(224, 'Equipamiento Comercial', 21),
(225, 'Construcción', 21),
(226, 'Industria Textil', 21),
(227, 'Agro', 21),
(228, 'Industria Agropecuaria', 21),
(229, 'Equipamiento para Industrias', 21),
(230, 'Energía Eléctrica', 21),
(231, 'Equipamiento para Comercios', 21),
(232, 'Seguridad Industrial', 21),
(233, 'Máquinas y Herramientas', 21),
(234, 'Otros Artículos Industriales y para Oficinas', 21),
(235, 'Departamentos - Casas - VENTA', 22),
(236, 'Departamentos - Casas - ALQUILER', 22),
(237, 'Alquiler Temporario', 22),
(238, 'Campos y Chacras - VENTA', 22),
(239, 'Campos y Chacras - ALQUILER', 22),
(240, 'Garages - Cocheras - VENTA', 22),
(241, 'Garages - Cocheras - ALQUILER', 22),
(242, 'Oficinas y Locales - VENTA', 22),
(243, 'Oficinas y Locales - ALQUILER', 22),
(244, 'Galpones y Depósitos - VENTA', 22),
(245, 'Galpones y Depósitos - ALQUILER', 22),
(246, 'Terrenos - VENTA', 22),
(247, 'Terrenos - ALQUILER', 22),
(248, 'Emprendimientos en Construcción', 22),
(249, 'Emprendimientos Terminados', 22),
(250, 'Cabañas - Casas de Vacaciones', 22),
(251, 'Alquiler de Temporada Student Housing', 22),
(252, 'Hospedajes', 22),
(253, 'Locaciones para Eventos', 22),
(254, 'Fondo de Comercio', 22),
(255, 'Otros Inmuebles', 22),
(256, 'Guitarras', 23),
(257, 'Bajos', 23),
(258, 'Teclados y Pianos', 23),
(259, 'Baterías y Percusión', 23),
(260, 'Instrumentos de Viento', 23),
(261, 'Instrumentos de Cuerda', 23),
(262, 'Instrumentos de Orquesta', 23),
(263, 'Accesorios para Instrumentos Musicales', 23),
(264, 'Estudio de Grabación y Producción Musical', 23),
(265, 'Equipamiento para DJ y Producción', 23),
(266, 'Amplificadores y Pedales', 23),
(267, 'Otros Instrumentos Musicales', 23),
(268, 'Joyas de Oro', 24),
(269, 'Joyas de Plata', 24),
(270, 'Joyas de Acero', 24),
(271, 'Anillos', 24),
(272, 'Collares y Cadenas', 24),
(273, 'Pulseras y Brazaletes', 24),
(274, 'Aretes y Pendientes', 24),
(275, 'Relojes para Hombres', 24),
(276, 'Relojes para Mujeres', 24),
(277, 'Relojes Unisex', 24),
(278, 'Relojes de Lujo', 24),
(279, 'Relojes Deportivos', 24),
(280, 'Relojes Casuales', 24),
(281, 'Accesorios para Joyas y Relojes', 24),
(282, 'Otros Artículos de Joyería y Relojes', 24),
(283, 'Juegos de Mesa', 25),
(284, 'Juguetes de Construcción', 25),
(285, 'Muñecas y Accesorios', 25),
(286, 'Figuras de Acción', 25),
(287, 'Vehículos de Juguete', 25),
(288, 'Peluches y Muñecos de Peluche', 25),
(289, 'Juguetes Educativos', 25),
(290, 'Rompecabezas y Enigmas', 25),
(291, 'Juegos al Aire Libre', 25),
(292, 'Juegos de Agua', 25),
(293, 'Juegos de Rol y Disfraces', 25),
(294, 'Instrumentos Musicales para Niños', 25),
(295, 'Juegos de Ciencia y Experimentos', 25),
(296, 'Juegos de Manualidades y Arte', 25),
(297, 'Juegos Electrónicos y Videojuegos para Niños', 25),
(298, 'Otros Juguetes y Juegos', 25),
(299, 'Libros de Ficción', 26),
(300, 'Libros de No Ficción', 26),
(301, 'Libros de Texto y Educación', 26),
(302, 'Revistas y Periódicos', 26),
(303, 'Cómics y Novelas Gráficas', 26),
(304, 'Libros de Arte y Fotografía', 26),
(305, 'Libros de Autoayuda y Desarrollo Personal', 26),
(306, 'Libros de Negocios y Finanzas', 26),
(307, 'Libros de Cocina y Gastronomía', 26),
(308, 'Libros de Historia y Geografía', 26),
(309, 'Libros de Ciencia y Tecnología', 26),
(310, 'Libros de Salud y Bienestar', 26),
(311, 'Libros de Viajes y Aventura', 26),
(312, 'Libros de Religión y Espiritualidad', 26),
(313, 'Libros para Niños y Jóvenes', 26),
(314, 'Libros en Otros Idiomas', 26),
(315, 'Otros Materiales de Lectura y Publicaciones', 26),
(316, 'CDs de Música', 27),
(317, 'Vinilos y Discos de Vinilo', 27),
(318, 'DVDs y Blu-rays de Películas', 27),
(319, 'Series de TV en DVD y Blu-ray', 27),
(320, 'Películas y Documentales en Formato Digital', 27),
(321, 'Bandas Sonoras y Música de Películas', 27),
(322, 'Música en Formato Digital (MP3, Streaming)', 27),
(323, 'Instrumentos Musicales', 27),
(324, 'Equipamiento de Estudio y Grabación', 27),
(325, 'Libros y Revistas de Música, Películas y Series', 27),
(326, 'Merchandising de Música, Películas y Series', 27),
(327, 'Otros Artículos Relacionados con la Música, Películas y Series', 27),
(328, 'Ropa para Hombres', 28),
(329, 'Ropa para Mujeres', 28),
(330, 'Ropa para Niños y Bebés', 28),
(331, 'Calzado', 28),
(332, 'Accesorios de Moda (Bolsos, Carteras, Cinturones, Bufandas, etc.)', 28),
(333, 'Joyería y Bisutería', 28),
(334, 'Relojes', 28),
(335, 'Lentes de Sol', 28),
(336, 'Perfumes y Fragancias', 28),
(337, 'Maquillaje y Cosméticos', 28),
(338, 'Cuidado del Cabello', 28),
(339, 'Artículos de Belleza y Cuidado Personal', 28),
(340, 'Otros Artículos de Ropa y Accesorios', 28),
(341, 'Instrumental Médico', 29),
(342, 'Suministros Médicos', 29),
(343, 'Medicamentos y Suplementos', 29),
(344, 'Cuidado de la Salud', 29),
(345, 'Aparatos y Dispositivos Médicos', 29),
(346, 'Ortopedia y Rehabilitación', 29),
(347, 'Cuidado Personal y Bienestar', 29),
(348, 'Artículos para el Cuidado del Bebé', 29),
(349, 'Vitaminas y Suplementos Alimenticios', 29),
(350, 'Equipamiento para Consultorios y Clínicas', 29),
(351, 'Otros Artículos de Salud y Equipamiento Médico', 29),
(352, 'Reparación y Mantenimiento', 30),
(353, 'Construcción y Reformas', 30),
(354, 'Eventos y Entretenimiento', 30),
(355, 'Servicios Profesionales y Consultoría', 30),
(356, 'Salud y Bienestar', 30),
(357, 'Transporte y Mudanzas', 30),
(358, 'Educación y Clases Particulares', 30),
(359, 'Tecnología y Desarrollo Web', 30),
(360, 'Belleza y Estética', 30),
(361, 'Limpieza y Organización', 30),
(362, 'Asesoría Legal y Financiera', 30),
(363, 'Marketing y Publicidad', 30),
(364, 'Catering y Alimentación', 30),
(365, 'Viajes y Turismo', 30),
(366, 'Traducción e Interpretación', 30),
(367, 'Fotografía y Video', 30),
(368, 'Otros Servicios', 30),
(369, 'Souvenirs y Regalos Personalizados', 31),
(370, 'Artículos de Cotillón para Fiestas y Celebraciones', 31),
(371, 'Decoración para Fiestas y Eventos', 31),
(372, 'Globos y Accesorios para Decoración', 31),
(373, 'Disfraces y Accesorios para Fiestas Temáticas', 31),
(374, 'Artículos para Piñatas y Sorpresas', 31),
(375, 'Invitaciones y Tarjetas para Eventos', 31),
(376, 'Accesorios para Mesas de Dulces y Postres', 31),
(377, 'Artículos para Photobooth y Accesorios de Fotos', 31),
(378, 'Pirotecnia y Fuegos Artificiales', 31),
(379, 'Souvenirs y Recuerdos para Bodas y Eventos Especiales', 31),
(380, 'Artículos para Baby Showers y Fiestas Infantiles', 31),
(381, 'Artículos para Despedidas de Soltero(a) y Soltera', 31),
(382, 'Globos con Helio y Decoración con Globos', 31),
(383, 'Cintas, Lazos y Accesorios para Envolturas de Regalos', 31),
(384, 'Detalles y Obsequios para Celebraciones y Aniversarios', 31),
(385, 'Otros Artículos para Souvenirs, Cotillón y Fiestas', 31),
(386, 'Artículos de Colección y Vintage', 32),
(387, 'Productos Usados y de Segunda Mano', 32),
(388, 'Varios (Miscelánea)', 32),
(389, 'Otros productos y categorías no especificadas anteriormente', 32);


INSERT INTO `shipping_methods` (`name`, `price`) VALUES
('Correo Argentino', '1500'),
('Retira en Local', '0');

INSERT INTO `orders`
 (id,`date`, `order_total`,
 `order_status_fk`,
 `shipping_address_fk`,
 `shipping_method_fk`, `user_fk`)
 VALUES (4, '26-5-23', '10000', '1', '1', '1', '2');
